CREATE DATABASE  IF NOT EXISTS `bdoo20151201` /*!40100 DEFAULT CHARACTER SET latin1 */;
USE `bdoo20151201`;
-- MySQL dump 10.13  Distrib 5.5.16, for Win32 (x86)
--
-- Host: 127.0.0.1    Database: bdoo20151201
-- ------------------------------------------------------
-- Server version	5.5.31

/*!40101 SET @OLD_CHARACTER_SET_CLIENT=@@CHARACTER_SET_CLIENT */;
/*!40101 SET @OLD_CHARACTER_SET_RESULTS=@@CHARACTER_SET_RESULTS */;
/*!40101 SET @OLD_COLLATION_CONNECTION=@@COLLATION_CONNECTION */;
/*!40101 SET NAMES utf8 */;
/*!40103 SET @OLD_TIME_ZONE=@@TIME_ZONE */;
/*!40103 SET TIME_ZONE='+00:00' */;
/*!40014 SET @OLD_UNIQUE_CHECKS=@@UNIQUE_CHECKS, UNIQUE_CHECKS=0 */;
/*!40014 SET @OLD_FOREIGN_KEY_CHECKS=@@FOREIGN_KEY_CHECKS, FOREIGN_KEY_CHECKS=0 */;
/*!40101 SET @OLD_SQL_MODE=@@SQL_MODE, SQL_MODE='NO_AUTO_VALUE_ON_ZERO' */;
/*!40111 SET @OLD_SQL_NOTES=@@SQL_NOTES, SQL_NOTES=0 */;

--
-- Table structure for table `butaca`
--

DROP TABLE IF EXISTS `butaca`;
/*!40101 SET @saved_cs_client     = @@character_set_client */;
/*!40101 SET character_set_client = utf8 */;
CREATE TABLE `butaca` (
  `idButaca` int(11) NOT NULL AUTO_INCREMENT,
  `butaca` varchar(6) NOT NULL,
  `precio` double NOT NULL,
  `libre` bit(1) NOT NULL,
  `idFuncion` int(11) NOT NULL,
  PRIMARY KEY (`idButaca`),
  KEY `fk_Butaca_Funcion1_idx` (`idFuncion`),
  CONSTRAINT `fk_Butaca_Funcion1` FOREIGN KEY (`idFuncion`) REFERENCES `funcion` (`idFuncion`) ON DELETE NO ACTION ON UPDATE NO ACTION
) ENGINE=InnoDB AUTO_INCREMENT=321 DEFAULT CHARSET=latin1;
/*!40101 SET character_set_client = @saved_cs_client */;

--
-- Dumping data for table `butaca`
--

LOCK TABLES `butaca` WRITE;
/*!40000 ALTER TABLE `butaca` DISABLE KEYS */;
INSERT INTO `butaca` VALUES (1,'F01B01',250,'\0',1),(2,'F01B02',250,'\0',1),(3,'F01B03',250,'\0',1),(4,'F01B04',250,'\0',1),(5,'F01B05',250,'\0',1),(6,'F01B06',250,'\0',1),(7,'F01B07',250,'\0',1),(8,'F01B08',250,'\0',1),(9,'F01B09',250,'\0',1),(10,'F01B10',250,'\0',1),(11,'F02B01',250,'\0',1),(12,'F02B02',250,'\0',1),(13,'F02B03',250,'\0',1),(14,'F02B04',250,'\0',1),(15,'F02B05',250,'\0',1),(16,'F02B06',250,'\0',1),(17,'F02B07',250,'\0',1),(18,'F02B08',250,'\0',1),(19,'F02B09',250,'\0',1),(20,'F02B10',250,'\0',1),(21,'F03B01',200,'',1),(22,'F03B02',200,'',1),(23,'F03B03',200,'',1),(24,'F03B04',200,'',1),(25,'F03B05',200,'',1),(26,'F03B06',200,'',1),(27,'F03B07',200,'',1),(28,'F03B08',200,'',1),(29,'F03B09',200,'',1),(30,'F03B10',200,'',1),(31,'F04B01',200,'',1),(32,'F04B02',200,'',1),(33,'F04B03',200,'',1),(34,'F04B04',200,'',1),(35,'F04B05',200,'',1),(36,'F04B06',200,'',1),(37,'F04B07',200,'',1),(38,'F04B08',200,'',1),(39,'F04B09',200,'',1),(40,'F04B10',200,'',1),(41,'F05B01',150,'',1),(42,'F05B02',150,'',1),(43,'F05B03',150,'',1),(44,'F05B04',150,'',1),(45,'F05B05',150,'',1),(46,'F05B06',150,'',1),(47,'F05B07',150,'',1),(48,'F05B08',150,'',1),(49,'F05B09',150,'',1),(50,'F05B10',150,'',1),(51,'F06B01',150,'',1),(52,'F06B02',150,'',1),(53,'F06B03',150,'',1),(54,'F06B04',150,'',1),(55,'F06B05',150,'',1),(56,'F06B06',150,'',1),(57,'F06B07',150,'',1),(58,'F06B08',150,'',1),(59,'F06B09',150,'',1),(60,'F06B10',150,'',1),(61,'F07B01',100,'',1),(62,'F07B02',100,'',1),(63,'F07B03',100,'',1),(64,'F07B04',100,'',1),(65,'F07B05',100,'',1),(66,'F07B06',100,'',1),(67,'F07B07',100,'',1),(68,'F07B08',100,'',1),(69,'F07B09',100,'',1),(70,'F07B10',100,'',1),(71,'F08B01',100,'',1),(72,'F08B02',100,'',1),(73,'F08B03',100,'',1),(74,'F08B04',100,'',1),(75,'F08B05',100,'',1),(76,'F08B06',100,'',1),(77,'F08B07',100,'',1),(78,'F08B08',100,'',1),(79,'F08B09',100,'',1),(80,'F08B10',100,'',1),(81,'F01B01',250,'',2),(82,'F01B02',250,'',2),(83,'F01B03',250,'',2),(84,'F01B04',250,'',2),(85,'F01B05',250,'',2),(86,'F01B06',250,'',2),(87,'F01B07',250,'',2),(88,'F01B08',250,'',2),(89,'F01B09',250,'',2),(90,'F01B10',250,'',2),(91,'F02B01',250,'',2),(92,'F02B02',250,'',2),(93,'F02B03',250,'',2),(94,'F02B04',250,'',2),(95,'F02B05',250,'',2),(96,'F02B06',250,'',2),(97,'F02B07',250,'',2),(98,'F02B08',250,'',2),(99,'F02B09',250,'',2),(100,'F02B10',250,'',2),(101,'F03B01',200,'\0',2),(102,'F03B02',200,'\0',2),(103,'F03B03',200,'\0',2),(104,'F03B04',200,'\0',2),(105,'F03B05',200,'\0',2),(106,'F03B06',200,'\0',2),(107,'F03B07',200,'\0',2),(108,'F03B08',200,'\0',2),(109,'F03B09',200,'\0',2),(110,'F03B10',200,'\0',2),(111,'F04B01',200,'\0',2),(112,'F04B02',200,'\0',2),(113,'F04B03',200,'\0',2),(114,'F04B04',200,'\0',2),(115,'F04B05',200,'\0',2),(116,'F04B06',200,'\0',2),(117,'F04B07',200,'\0',2),(118,'F04B08',200,'\0',2),(119,'F04B09',200,'\0',2),(120,'F04B10',200,'\0',2),(121,'F05B01',150,'',2),(122,'F05B02',150,'',2),(123,'F05B03',150,'',2),(124,'F05B04',150,'',2),(125,'F05B05',150,'',2),(126,'F05B06',150,'',2),(127,'F05B07',150,'',2),(128,'F05B08',150,'',2),(129,'F05B09',150,'',2),(130,'F05B10',150,'',2),(131,'F06B01',150,'',2),(132,'F06B02',150,'',2),(133,'F06B03',150,'',2),(134,'F06B04',150,'',2),(135,'F06B05',150,'',2),(136,'F06B06',150,'',2),(137,'F06B07',150,'',2),(138,'F06B08',150,'',2),(139,'F06B09',150,'',2),(140,'F06B10',150,'',2),(141,'F07B01',100,'',2),(142,'F07B02',100,'',2),(143,'F07B03',100,'',2),(144,'F07B04',100,'',2),(145,'F07B05',100,'',2),(146,'F07B06',100,'',2),(147,'F07B07',100,'',2),(148,'F07B08',100,'',2),(149,'F07B09',100,'',2),(150,'F07B10',100,'',2),(151,'F08B01',100,'',2),(152,'F08B02',100,'',2),(153,'F08B03',100,'',2),(154,'F08B04',100,'',2),(155,'F08B05',100,'',2),(156,'F08B06',100,'',2),(157,'F08B07',100,'',2),(158,'F08B08',100,'',2),(159,'F08B09',100,'',2),(160,'F08B10',100,'',2),(161,'F01B01',250,'',3),(162,'F01B02',250,'',3),(163,'F01B03',250,'',3),(164,'F01B04',250,'',3),(165,'F01B05',250,'',3),(166,'F01B06',250,'',3),(167,'F01B07',250,'',3),(168,'F01B08',250,'',3),(169,'F01B09',250,'',3),(170,'F01B10',250,'',3),(171,'F02B01',250,'',3),(172,'F02B02',250,'',3),(173,'F02B03',250,'',3),(174,'F02B04',250,'',3),(175,'F02B05',250,'',3),(176,'F02B06',250,'',3),(177,'F02B07',250,'',3),(178,'F02B08',250,'',3),(179,'F02B09',250,'',3),(180,'F02B10',250,'',3),(181,'F03B01',200,'',3),(182,'F03B02',200,'',3),(183,'F03B03',200,'',3),(184,'F03B04',200,'',3),(185,'F03B05',200,'',3),(186,'F03B06',200,'',3),(187,'F03B07',200,'',3),(188,'F03B08',200,'',3),(189,'F03B09',200,'',3),(190,'F03B10',200,'',3),(191,'F04B01',200,'',3),(192,'F04B02',200,'',3),(193,'F04B03',200,'',3),(194,'F04B04',200,'',3),(195,'F04B05',200,'',3),(196,'F04B06',200,'',3),(197,'F04B07',200,'',3),(198,'F04B08',200,'',3),(199,'F04B09',200,'',3),(200,'F04B10',200,'',3),(201,'F05B01',150,'\0',3),(202,'F05B02',150,'\0',3),(203,'F05B03',150,'\0',3),(204,'F05B04',150,'\0',3),(205,'F05B05',150,'\0',3),(206,'F05B06',150,'\0',3),(207,'F05B07',150,'\0',3),(208,'F05B08',150,'\0',3),(209,'F05B09',150,'\0',3),(210,'F05B10',150,'\0',3),(211,'F06B01',150,'\0',3),(212,'F06B02',150,'\0',3),(213,'F06B03',150,'\0',3),(214,'F06B04',150,'\0',3),(215,'F06B05',150,'\0',3),(216,'F06B06',150,'\0',3),(217,'F06B07',150,'\0',3),(218,'F06B08',150,'\0',3),(219,'F06B09',150,'\0',3),(220,'F06B10',150,'\0',3),(221,'F07B01',100,'',3),(222,'F07B02',100,'',3),(223,'F07B03',100,'',3),(224,'F07B04',100,'',3),(225,'F07B05',100,'',3),(226,'F07B06',100,'',3),(227,'F07B07',100,'',3),(228,'F07B08',100,'',3),(229,'F07B09',100,'',3),(230,'F07B10',100,'',3),(231,'F08B01',100,'',3),(232,'F08B02',100,'',3),(233,'F08B03',100,'',3),(234,'F08B04',100,'',3),(235,'F08B05',100,'',3),(236,'F08B06',100,'',3),(237,'F08B07',100,'',3),(238,'F08B08',100,'',3),(239,'F08B09',100,'',3),(240,'F08B10',100,'',3),(241,'F01B01',250,'',4),(242,'F01B02',250,'',4),(243,'F01B03',250,'',4),(244,'F01B04',250,'',4),(245,'F01B05',250,'',4),(246,'F01B06',250,'',4),(247,'F01B07',250,'',4),(248,'F01B08',250,'',4),(249,'F01B09',250,'',4),(250,'F01B10',250,'',4),(251,'F02B01',250,'',4),(252,'F02B02',250,'',4),(253,'F02B03',250,'',4),(254,'F02B04',250,'',4),(255,'F02B05',250,'',4),(256,'F02B06',250,'',4),(257,'F02B07',250,'',4),(258,'F02B08',250,'',4),(259,'F02B09',250,'',4),(260,'F02B10',250,'',4),(261,'F03B01',200,'',4),(262,'F03B02',200,'',4),(263,'F03B03',200,'',4),(264,'F03B04',200,'',4),(265,'F03B05',200,'',4),(266,'F03B06',200,'',4),(267,'F03B07',200,'',4),(268,'F03B08',200,'',4),(269,'F03B09',200,'',4),(270,'F03B10',200,'',4),(271,'F04B01',200,'',4),(272,'F04B02',200,'',4),(273,'F04B03',200,'',4),(274,'F04B04',200,'',4),(275,'F04B05',200,'',4),(276,'F04B06',200,'',4),(277,'F04B07',200,'',4),(278,'F04B08',200,'',4),(279,'F04B09',200,'',4),(280,'F04B10',200,'',4),(281,'F05B01',150,'',4),(282,'F05B02',150,'',4),(283,'F05B03',150,'',4),(284,'F05B04',150,'',4),(285,'F05B05',150,'',4),(286,'F05B06',150,'',4),(287,'F05B07',150,'',4),(288,'F05B08',150,'',4),(289,'F05B09',150,'',4),(290,'F05B10',150,'',4),(291,'F06B01',150,'',4),(292,'F06B02',150,'',4),(293,'F06B03',150,'',4),(294,'F06B04',150,'',4),(295,'F06B05',150,'',4),(296,'F06B06',150,'',4),(297,'F06B07',150,'',4),(298,'F06B08',150,'',4),(299,'F06B09',150,'',4),(300,'F06B10',150,'',4),(301,'F07B01',100,'\0',4),(302,'F07B02',100,'\0',4),(303,'F07B03',100,'\0',4),(304,'F07B04',100,'\0',4),(305,'F07B05',100,'\0',4),(306,'F07B06',100,'\0',4),(307,'F07B07',100,'\0',4),(308,'F07B08',100,'\0',4),(309,'F07B09',100,'\0',4),(310,'F07B10',100,'\0',4),(311,'F08B01',100,'\0',4),(312,'F08B02',100,'\0',4),(313,'F08B03',100,'\0',4),(314,'F08B04',100,'\0',4),(315,'F08B05',100,'\0',4),(316,'F08B06',100,'\0',4),(317,'F08B07',100,'\0',4),(318,'F08B08',100,'\0',4),(319,'F08B09',100,'\0',4),(320,'F08B10',100,'\0',4);
/*!40000 ALTER TABLE `butaca` ENABLE KEYS */;
UNLOCK TABLES;

--
-- Table structure for table `funcion`
--

DROP TABLE IF EXISTS `funcion`;
/*!40101 SET @saved_cs_client     = @@character_set_client */;
/*!40101 SET character_set_client = utf8 */;
CREATE TABLE `funcion` (
  `idFuncion` int(11) NOT NULL AUTO_INCREMENT,
  `fechaHora` datetime NOT NULL,
  `idObraTeatral` int(11) NOT NULL,
  PRIMARY KEY (`idFuncion`),
  KEY `fk_Funcion_ObraTeatral_idx` (`idObraTeatral`),
  CONSTRAINT `fk_Funcion_ObraTeatral` FOREIGN KEY (`idObraTeatral`) REFERENCES `obrateatral` (`idObraTeatral`) ON DELETE NO ACTION ON UPDATE NO ACTION
) ENGINE=InnoDB AUTO_INCREMENT=7 DEFAULT CHARSET=latin1;
/*!40101 SET character_set_client = @saved_cs_client */;

--
-- Dumping data for table `funcion`
--

LOCK TABLES `funcion` WRITE;
/*!40000 ALTER TABLE `funcion` DISABLE KEYS */;
INSERT INTO `funcion` VALUES (1,'2015-12-05 21:00:00',1),(2,'2015-12-06 20:00:00',1),(3,'2015-12-12 21:00:00',2),(4,'2015-12-13 20:00:00',2),(5,'2015-12-05 23:00:00',1),(6,'2015-12-12 23:00:00',2);
/*!40000 ALTER TABLE `funcion` ENABLE KEYS */;
UNLOCK TABLES;

--
-- Table structure for table `obrateatral`
--

DROP TABLE IF EXISTS `obrateatral`;
/*!40101 SET @saved_cs_client     = @@character_set_client */;
/*!40101 SET character_set_client = utf8 */;
CREATE TABLE `obrateatral` (
  `idObraTeatral` int(11) NOT NULL AUTO_INCREMENT,
  `obraTeatral` varchar(45) NOT NULL,
  PRIMARY KEY (`idObraTeatral`)
) ENGINE=InnoDB AUTO_INCREMENT=3 DEFAULT CHARSET=latin1;
/*!40101 SET character_set_client = @saved_cs_client */;

--
-- Dumping data for table `obrateatral`
--

LOCK TABLES `obrateatral` WRITE;
/*!40000 ALTER TABLE `obrateatral` DISABLE KEYS */;
INSERT INTO `obrateatral` VALUES (1,'Galileo Galilei'),(2,'El lago de los Cisnes');
/*!40000 ALTER TABLE `obrateatral` ENABLE KEYS */;
UNLOCK TABLES;
/*!40103 SET TIME_ZONE=@OLD_TIME_ZONE */;

/*!40101 SET SQL_MODE=@OLD_SQL_MODE */;
/*!40014 SET FOREIGN_KEY_CHECKS=@OLD_FOREIGN_KEY_CHECKS */;
/*!40014 SET UNIQUE_CHECKS=@OLD_UNIQUE_CHECKS */;
/*!40101 SET CHARACTER_SET_CLIENT=@OLD_CHARACTER_SET_CLIENT */;
/*!40101 SET CHARACTER_SET_RESULTS=@OLD_CHARACTER_SET_RESULTS */;
/*!40101 SET COLLATION_CONNECTION=@OLD_COLLATION_CONNECTION */;
/*!40111 SET SQL_NOTES=@OLD_SQL_NOTES */;

-- Dump completed on 2015-11-30 19:18:43
